-46,39,10,70,12,45,1,-61,-28,21,-4,-55,51,-15,-57,33,-18,37,17,-3,9,-32,-43,15,27,34,54,4,-48,-21,14,23,-16,2,-45,31,-51,3,-10,-46,59,-59,-61,-59,-54,3,-7,-42,29,46,49,-58,16,50,43,30,6,16,17,30,45,-17,-45,35,-27,26,-51,-48,-57,22,37,-12,13,-41,-13,36,-38,32,45,-4,17,-29,25,-11,45,-58,14,-20,0,-47,53,8,19,16,-13,-55,14,-25,-54,-7,-5,10,32,-24,-50,-24,-43,-7,31,-17,7,-28,-20,21,-46,40,17,-37,48,28
-30,40,-51,15,-36,58,50,10,-35,-29,32,-10,23,54,34,61,-24,30,58,14,15,-46,41,52,3,-8,-55,58,-13,15,55,-22,-47,3,0,-12,42,-59,-57,24,-48,-36,15,9,52,-60,-55,-32,-13,-52,-29,34,-10,18,-5,2,-31,44,54,44,-14,-24,-58,-11,-36,27,-27,-41,-59,-24,-43,39,6,-55,7,-22,45,-47,-26,-48,-18,-18,44,8,52,36,45,-24,18,52,39,-18,22,39,38,26,-33,2,41,27,17,47,5,-3,53,40,10,-3,-67,62,-30,-29,-20,17,49,-42,-53,-20,21,29
-38,47,-14,21,-17,4,36,21,23,-62,31,-53,36,-54,-12,-18,-24,-63,7,-9,-55,8,-40,13,1,9,14,-60,-5,-43,-50,31,-41,55,-45,18,46,52,-40,9,-26,15,15,18,-41,43,5,3,-33,-17,-56,-4,-17,7,40,55,-33,-37,46,-2,32,-25,33,15,-6,-13,7,-46,41,30,-24,17,-31,-37,-15,-13,-4,-40,25,-33,8,-21,35,-19,-20,-56,33,-8,0,-41,-34,-31,21,20,20,-51,-33,50,-24,-27,3,-23,-48,13,23,14,37,16,3,30,38,-41,-52,15,-20,-20,-48,55,52,62
0,11,-45,-21,-68,2,-28,-39,-38,3,26,42,-51,-51,-70,15,-16,14,-91,30,-37,-55,2,-50,8,-50,-41,-22,-42,41,36,-23,-6,13,20,66,29,13,36,-61,-50,48,-51,-50,52,-10,0,-51,-29,29,28,24,-30,58,-46,61,25,71,-49,-3,32,8,-66,43,-22,42,-5,-50,32,45,27,-23,-24,73,-34,32,-1,6,-16,-50,-5,56,30,31,60,31,61,-40,25,-3,56,-53,1,-64,-32,6,-24,6,-34,44,-23,-59,-57,25,-62,42,39,41,-51,33,16,-27,-10,-34,43,35,-44,-27,-44,27
-24,-30,-5,-92,-48,43,18,-77,-70,-67,3,-37,30,15,-37,58,-8,-4,34,-44,-26,-3,-58,-22,-42,-57,24,-26,3,-85,-70,-56,51,35,42,15,-68,-11,-47,7,26,-80,40,36,-4,-36,39,-38,0,-42,-37,58,3,-10,48,12,-60,7,50,-90,-40,14,33,-24,-33,-8,57,14,10,-8,26,-17,61,-32,19,33,-17,5,59,28,-43,60,32,42,59,46,21,16,-20,-37,-21,-17,37,-29,-22,-36,-50,-19,-40,46,-6,-21,-52,-12,12,-23,-36,-26,-47,30,9,58,6,40,-44,44,-43,57,-48,49
27,-24,-46,38,-17,-49,-44,-35,-31,7,-41,-53,-69,-13,34,-52,39,-56,6,45,20,-34,20,-27,-3,7,-61,57,-37,16,-54,-28,27,34,-42,-59,-23,-28,45,-67,49,-27,-10,50,36,20,8,-6,-25,-17,11,-43,-52,39,-19,-40,53,37,-22,9,-28,-25,-8,34,8,-36,-60,-40,-31,61,-52,-20,35,-39,-44,-48,-8,-58,-44,1,-58,23,57,11,-52,12,31,59,-36,-63,-35,-56,15,1,-16,-20,-39,47,-20,-40,16,18,-27,35,-14,16,38,21,57,9,-9,3,-61,9,47,45,-1,35,-26,-6
-49,-51,14,-59,-53,-45,-35,-72,61,1,42,-57,-7,-62,22,-63,-58,-59,-31,-37,-15,22,1,25,-25,45,25,7,18,13,35,-49,-53,59,57,48,8,-18,49,-49,30,-66,-51,47,26,10,-40,22,21,-14,-8,44,26,57,45,-10,2,26,-53,-8,-35,-39,-27,19,-61,-24,59,-60,-47,-39,5,-63,43,30,43,-46,57,26,-36,-51,55,-56,-61,48,51,35,3,61,-37,-56,67,40,4,-47,1,-28,-48,-32,4,-45,-28,-36,3,37,-1,38,-10,-43,2,-50,-24,-9,5,6,-54,48,29,-22,-49,-13
-33,6,-53,-1,-13,10,20,-16,-16,-15,-16,5,59,-57,-15,-25,-33,26,42,-12,44,45,54,-5,-21,29,-34,44,-22,-45,-16,-37,-50,61,-17,-43,-9,26,-14,-37,36,33,-24,50,-22,18,-20,33,8,18,-62,58,13,17,-54,2,-34,-42,39,-1,15,9,55,58,50,-4,-61,-47,54,-8,1,-27,38,27,-36,-45,-45,10,-62,-50,7,-23,-47,-30,-9,6,8,-2,53,-34,6,10,-47,-12,2,-6,47,-39,-49,-66,44,49,61,-54,-45,-45,-9,23,-44,61,-41,29,-16,5,30,42,-38,58,13,-16
-25,-23,31,33,-8,-46,22,19,-48,30,33,6,-56,21,57,-2,56,-56,-51,40,-51,4,-32,39,40,-30,-64,-47,6,-57,47,58,-29,61,1,15,23,-25,7,46,31,42,-46,1,-1,-5,-42,-19,-29,-25,17,-9,69,-48,-38,75,5,-21,15,30,-63,-13,-40,-31,-24,38,41,8,-56,34,-1,10,12,54,61,8,43,-7,-2,54,57,20,-34,-24,25,-29,-20,-29,-53,-35,30,21,1,44,-24,-43,-44,42,48,-20,2,-24,30,-59,-52,-60,19,-64,-4,39,-74,-7,-11,-38,-9,21,18,34,-17,29
46,-19,35,70,35,0,85,-12,31,-45,-13,25,-44,43,44,51,3,-5,67,8,-18,35,8,29,-24,64,31,-34,-35,70,6,27,-10,49,-22,-11,14,47,12,-12,30,-23,-16,-15,-10,-55,63,19,-58,-27,46,7,-12,-23,19,63,11,39,51,-27,8,-23,29,29,-46,63,-50,47,24,-4,34,-23,-63,-53,63,-42,15,14,-7,58,14,38,17,-59,-27,16,30,-35,-84,26,-29,-8,36,48,48,5,-6,25,-3,8,18,-48,53,4,12,-7,30,-8,25,-20,35,71,1,27,-12,-8,4,50,14,32
-39,13,-15,28,-15,-24,-65,-1,-17,29,-24,-3,39,-32,-62,-9,-59,45,53,-74,-79,-3,-14,-34,-38,-21,16,28,44,-30,27,42,61,17,49,31,-45,-38,-21,28,44,-10,37,15,-1,-3,-50,-20,-61,62,9,45,0,-58,60,42,14,-37,-26,48,40,-1,46,-9,40,-17,53,45,27,-60,-17,50,45,51,15,-18,69,-20,29,-63,-31,34,-3,28,30,-34,-4,46,28,-59,-23,-49,-44,47,5,24,-54,21,-29,-23,56,-21,39,34,62,-58,-9,-14,-40,-16,28,1,-5,7,55,12,44,-53,-24,30
33,29,19,16,-48,-14,-38,-53,-12,-49,-58,38,-15,62,-20,-23,59,56,-44,-57,4,-13,-29,-26,-32,36,34,62,2,36,33,-57,33,17,-32,54,26,14,58,-33,58,-7,30,-29,0,-12,19,15,-26,-50,-20,12,-33,-58,56,48,4,31,-51,41,40,41,-29,19,38,52,19,-57,19,5,31,-9,33,56,27,6,39,-42,21,41,-55,29,33,-43,-60,-13,76,-35,14,50,-8,25,-39,37,-58,-50,43,53,-33,-9,-29,3,-22,-46,23,28,56,-66,27,-11,-6,-29,21,-24,22,-5,64,28,24,45
37,-54,-24,14,-18,-57,12,23,29,-11,-13,-25,-44,7,-2,-54,-7,-49,-47,35,-30,9,-23,-4,-10,26,-13,-46,-35,42,31,26,57,58,-19,-12,33,-12,19,-59,-16,25,31,19,6,-27,23,-20,-58,-46,1,-8,-40,9,-52,43,-45,-13,29,-20,58,35,-26,-33,-49,-51,44,11,42,-44,21,62,52,52,45,-15,-1,-48,31,34,-12,7,-2,1,46,-55,-56,13,18,-4,15,38,-49,-38,-35,-22,-12,-48,-7,20,-41,-16,-3,30,-43,-57,20,20,-33,15,-40,-41,-57,-36,-61,27,-43,9,-36,59
-24,-18,29,12,38,64,62,68,5,25,-45,0,-34,21,-72,-54,2,-19,45,45,32,-7,49,16,-10,-30,-13,-57,-45,65,3,-29,25,3,6,27,-31,63,59,55,60,-36,-47,-15,-7,6,-57,11,13,-32,18,-4,-45,-76,-14,71,-42,51,26,27,80,-22,-35,53,-14,39,-37,-73,25,-11,19,23,-58,-64,-58,3,44,55,23,33,48,60,15,43,-20,-68,67,5,7,2,38,55,-27,-40,53,36,-1,57,11,3,-33,29,35,13,-26,59,-21,14,-39,34,-45,-40,-41,56,3,-5,47,39,45,44
-12,24,-39,-17,48,33,18,-69,-3,-17,34,17,29,47,52,-18,-26,-36,-6,-58,-59,17,5,-39,-37,24,64,9,-25,5,-24,-10,30,-23,29,34,-27,23,29,-55,24,51,7,-19,42,34,19,-27,-59,-71,-26,-43,66,59,13,-53,-38,56,27,35,31,9,-1,26,-25,-59,-53,32,50,46,-6,8,41,-39,-64,-24,-38,34,-55,49,-71,-13,45,41,60,-36,27,-31,34,-5,41,-15,48,-49,-59,-50,10,-9,-39,-42,-19,41,-26,-32,-58,-82,-3,-11,-27,-56,32,-38,8,-33,-18,51,-6,44,40,34
-6,-17,-20,-24,-8,-14,-25,6,-31,-13,57,-56,-10,-61,-18,-19,-16,7,-10,16,-53,-20,-51,58,-27,-20,-20,-34,-3,-37,-16,-57,-10,-47,51,11,6,-33,39,51,53,-50,-1,16,-49,-18,-7,-29,5,-1,-55,44,59,3,-50,-24,-29,-11,-42,-23,-11,5,-53,-44,-48,28,-47,-56,-35,19,28,-21,30,-39,22,58,0,49,-28,51,-36,-47,9,37,-43,47,51,63,50,21,-21,42,-25,-3,5,22,20,-2,-22,-6,-53,-1,-53,45,24,-53,-1,-35,11,16,29,1,62,29,-4,-62,-59,-63,34,38
49,36,-23,33,-42,1,15,-41,-34,-39,47,21,57,41,-1,68,50,-60,-18,55,-35,15,44,-33,-18,-36,-4,-23,-12,44,13,46,-47,-5,-31,45,16,-38,45,9,34,50,44,-68,-47,-52,54,43,-9,23,42,54,44,51,48,12,44,-12,19,-40,33,11,-27,20,-18,8,6,-8,-14,-49,27,57,-54,48,-14,-5,-60,-22,-54,-35,-18,-31,-8,-1,-27,-4,23,52,-14,-25,30,11,54,12,-56,-20,11,25,-16,24,-26,10,29,-19,-47,15,48,51,-61,37,-46,-50,-15,39,71,43,11,9,45,31
18,11,-5,60,6,-64,-57,37,-36,24,-55,29,-55,52,-24,70,28,6,-16,22,28,88,-67,-27,38,33,-24,47,-32,-59,-20,34,56,-45,-5,-22,66,48,20,-46,11,-43,-55,-17,50,46,50,-58,-38,-7,63,-22,-48,60,2,75,-4,6,4,-44,-41,-46,48,5,-45,-4,35,61,29,-58,-16,56,52,29,-12,-27,20,72,-5,25,6,29,-19,93,30,114,-55,-2,12,-34,44,-36,20,1,-38,-10,37,-14,58,9,-54,40,-60,-53,-63,67,20,59,9,18,-22,-31,-3,-4,-16,-16,-57,-41,64,62
-10,-1,49,-35,-58,17,3,-56,46,-60,-4,-22,-61,-9,-64,-4,-34,-52,33,-61,44,29,-5,-4,-52,10,5,-42,45,11,47,53,-15,-1,57,12,-26,-34,18,60,-44,-49,-54,31,-60,-29,-47,-32,41,23,26,60,-18,-15,-39,-19,20,0,27,-7,53,47,-33,15,-24,-54,-35,-41,62,-24,20,-38,23,-15,-61,57,9,42,-33,32,-1,-16,32,-12,32,36,-42,60,-18,-28,-56,9,-32,56,-55,-60,10,-33,9,-33,-39,-33,-10,-48,41,-31,-34,-12,44,28,-28,-11,-29,22,-54,11,-41,24,4,-3
-39,52,-7,-85,9,-55,-36,-1,-45,28,-61,36,18,59,-20,-36,-64,-35,38,12,-46,-31,-56,47,-44,-9,-71,-44,51,46,29,-21,33,48,-15,0,52,33,56,14,-54,-16,-48,1,-6,44,12,16,-32,-54,-46,23,-14,11,43,41,9,-39,-21,6,-52,3,-44,-1,-27,31,56,64,7,-27,42,43,20,8,23,15,-42,48,11,-14,31,61,-50,-10,57,19,-32,44,45,-20,-66,-13,22,-66,39,32,-47,16,-59,-67,-23,14,16,16,-1,-75,0,9,-24,-5,-1,53,-72,39,33,8,37,-45,-54,-26
67,26,42,-9,-17,16,0,23,-56,-24,-58,-5,18,63,-48,-5,32,-57,-30,-14,-45,17,-4,58,20,-59,21,26,14,62,-30,-12,-35,-34,-22,79,47,-2,-15,-66,-27,21,-5,48,-7,43,34,45,-61,31,-55,-38,32,-50,34,51,40,-45,47,6,-3,-23,36,-26,-27,-12,9,20,-66,-38,5,-63,-10,0,-32,43,47,14,-41,-33,63,10,-4,-38,-14,-29,9,-34,4,22,48,41,-10,-25,-66,-58,-14,55,19,37,-50,22,-35,-26,61,74,17,10,38,-2,25,-64,-10,-14,-10,65,-50,-35,16,70
-50,-30,5,-46,58,-26,44,-12,5,-5,21,-12,15,26,13,-24,-4,10,-13,-39,31,-35,34,-51,-32,31,-53,-1,16,-54,50,18,24,11,36,6,-45,-46,-44,49,-53,30,-28,41,17,14,-45,50,-30,5,-40,-56,-18,54,-30,35,8,-39,-27,53,-25,37,-33,6,7,-11,-63,5,54,-62,-9,-5,-17,-46,40,65,1,52,46,-47,-19,5,16,-57,8,19,61,-25,6,-56,42,-18,-4,54,49,40,52,-13,-43,-47,-19,-12,14,-57,-60,-6,18,-51,-43,-5,-29,37,-53,-1,26,59,-30,-56,-1,56
-64,-36,32,18,-1,-31,-11,-78,-83,-58,5,-27,-28,16,41,37,7,-41,14,-54,-22,-73,-27,-44,39,-36,32,18,23,28,38,29,36,-3,37,50,-7,41,45,38,-62,-16,-21,-60,-57,-16,15,-42,-40,18,-26,1,13,28,23,-31,-16,44,-15,1,-26,44,-39,35,4,-40,-3,31,-41,-62,-49,-61,48,47,-35,42,-24,34,-10,-37,50,42,8,-28,28,38,-8,5,-39,6,-29,-27,45,5,22,-23,33,-20,-28,-14,-57,-46,-57,-58,20,-51,-68,-87,45,14,-4,-67,-10,40,19,-35,31,-22,12,7
-16,-10,59,-4,-75,21,5,-88,-27,7,-5,49,27,28,-16,9,-32,-9,-68,-68,17,-89,35,-23,-12,17,-77,9,47,-24,-29,28,20,50,16,40,48,-42,-6,17,4,-31,-63,14,24,61,15,-9,42,28,45,-50,-3,-1,54,-39,-25,-24,16,-13,-1,-54,54,3,-46,-60,2,17,39,46,-37,-59,-57,18,-20,-56,-27,-24,-50,47,49,37,-5,35,53,-66,-61,-32,14,2,18,-58,-10,-71,23,-30,-21,9,-65,27,36,-12,12,-16,54,-20,37,21,37,-21,-69,8,-60,44,3,-56,22,-42,-35,26
-35,-31,54,-7,31,50,-18,-45,-75,0,-50,53,-65,42,43,16,-17,28,12,-28,-58,-29,-44,28,-40,-24,-66,-17,-41,17,-34,-48,53,48,-23,-57,2,46,0,29,41,45,27,54,4,-60,53,-13,-17,26,-55,52,-20,58,28,12,-24,-59,-1,46,23,10,-12,25,-17,43,-31,-4,32,38,-26,62,0,4,-25,-5,39,36,-36,11,19,-22,49,54,-35,-10,-8,45,-40,45,-38,-64,1,-31,-55,7,-21,19,30,6,28,-30,-57,57,-45,-7,-16,-59,44,33,-56,13,-5,44,-25,-41,-56,49,-31,44
-60,-37,-41,-22,-50,33,0,-38,-29,-17,30,5,-39,-50,-35,-40,-53,-26,-49,-7,-91,-28,63,-11,-22,-85,-12,20,-4,-24,15,-27,-48,55,9,-78,-15,-23,25,-18,-13,22,22,44,-46,43,-62,-27,-33,37,-31,-22,-7,52,-15,28,-15,-17,-53,-2,-65,-39,-18,47,-74,1,14,35,-50,-67,-40,-13,48,-61,-57,1,36,-64,22,-54,12,54,23,-46,16,7,-38,-30,-47,13,-4,57,-14,-39,33,45,-17,24,-13,-1,-7,32,-31,50,-77,37,-28,9,-10,-37,-22,0,43,-45,29,44,-31,-35,-7,3
15,-42,43,-41,-6,31,31,26,-15,1,58,21,36,-28,-15,-43,-29,-27,-63,15,-34,-52,-29,-22,37,36,-15,2,-14,-43,-34,50,-10,-28,-30,-38,-14,-56,30,-40,23,15,-49,53,20,-53,33,-26,-12,28,11,-8,-28,-43,-36,-28,-31,-40,22,48,-11,-36,-37,-22,-4,-37,-47,-5,-57,-38,-30,60,1,-51,-3,-46,-31,24,18,6,-33,-56,-37,0,6,31,-48,27,19,36,-2,-34,-33,-38,-23,61,-58,-6,-14,-60,58,-10,29,-46,46,-63,12,-55,-12,3,8,-36,39,-24,13,52,-25,46,-25,-54
-9,-47,53,49,45,43,-11,24,-68,-62,38,-7,49,-19,50,-56,-10,13,54,-22,14,-88,29,-3,-9,-33,15,-50,40,3,-48,-10,25,-1,-7,-13,48,-51,-9,-40,52,-27,47,9,-29,-48,49,15,32,-26,9,-34,16,-16,-44,-7,-17,-61,36,-22,-27,50,55,33,14,18,-16,-67,-16,-4,20,-1,47,3,8,18,5,-21,-31,25,3,-27,38,18,42,-1,8,-15,-12,-9,22,45,-62,-2,-23,-61,-31,-11,-61,-19,31,23,26,25,29,34,-51,-60,-61,3,-4,-63,-39,-60,-34,44,4,-15,-18,39
6,-44,-47,21,15,-50,60,-45,-17,-52,-23,-1,31,-31,10,3,23,41,22,-56,-53,-11,22,4,-64,-21,3,-20,9,25,15,-14,-18,8,17,6,29,49,-27,18,22,-61,-16,-29,42,51,-58,18,4,-8,26,-39,-23,41,22,-15,34,-17,35,-31,7,-63,-17,40,33,10,4,-33,-12,-7,35,31,-52,16,48,35,35,50,-45,15,-25,-16,6,55,44,-41,7,47,64,-63,59,-28,67,-55,-21,-37,-9,42,59,-31,66,12,-17,-11,-27,14,14,25,-33,25,-1,44,-51,-27,-20,-56,24,-47,47,-17
-52,-32,32,-11,9,51,-28,-63,57,-37,52,-17,59,12,14,-40,-25,57,52,-59,58,-33,-61,-51,-32,54,25,-11,48,-45,-58,-64,-27,-5,1,-61,59,22,20,-7,-20,-14,-47,-43,22,37,-3,-50,5,-22,15,34,-18,26,22,-34,3,-54,-9,18,7,-50,-40,35,26,-10,62,8,9,-24,-43,43,60,-45,3,14,53,61,15,10,38,21,-22,-63,-8,22,6,59,-63,36,-37,-19,-48,51,57,-31,-39,60,-58,-10,-56,-62,61,-47,13,-2,10,-37,-43,-21,-9,-35,11,-21,-40,-33,11,-42,-57,45
-53,-23,5,45,-52,-15,-28,-6,-6,-29,-21,2,26,12,-60,-18,17,-19,38,-79,7,-16,25,-42,-51,-57,-60,-2,57,-39,61,10,43,-7,-6,-76,21,54,-33,35,37,34,38,64,-2,3,-55,-49,68,57,3,22,22,34,-10,43,-63,-21,-34,-58,26,10,-81,74,82,0,-16,28,-65,0,-44,-23,-57,65,-27,25,14,-5,-22,-5,-44,-30,-27,36,-28,10,-1,26,7,41,-6,15,52,50,32,42,-19,-17,9,36,10,41,-3,-4,-17,-13,9,32,21,-37,-53,40,56,-48,33,-26,35,47,-55,-9
43,-2,-33,53,-43,58,-15,-25,-8,-21,-30,-51,-4,-1,78,43,-53,59,28,71,-17,-3,-5,46,60,3,49,-21,-16,19,-30,47,21,30,50,30,-11,-49,37,-28,17,-12,22,-20,2,-51,-27,-9,-9,41,23,38,18,41,-14,-24,21,49,19,-33,-42,32,-13,-10,20,-24,27,-46,-38,-6,-11,-29,44,-57,44,13,-66,-12,-59,65,44,49,26,-6,17,42,-7,-47,-33,-30,-46,51,29,51,-14,11,-22,-57,11,37,23,-31,-16,54,-9,-22,-21,5,-24,66,-67,-16,-58,30,9,-24,36,-53,19,-2
-60,-7,-27,40,-52,-45,49,38,-45,29,5,40,-55,-15,-46,-42,43,56,-44,-40,-38,13,-40,-37,9,46,-43,22,60,-28,30,-2,-22,58,-48,21,14,-14,6,-62,30,6,-11,-28,-25,64,40,-27,-9,35,-17,29,-15,56,18,47,-29,33,62,13,-61,-16,-21,-27,-9,0,18,9,13,-60,66,-38,55,12,15,-28,48,-29,25,25,-26,-53,1,53,-54,23,-57,-52,-7,-24,-5,52,48,-21,30,-17,35,13,-14,-63,11,-21,-36,-37,4,-32,-19,42,-58,-9,16,51,-52,41,-49,-21,-54,50,57,50
-48,-40,-1,21,-57,-1,41,16,14,-36,56,30,-59,61,25,25,55,51,-38,1,-6,-66,41,-51,-42,-45,5,30,59,-27,4,57,-56,16,-24,-37,51,-5,-49,43,-6,53,23,53,-49,7,1,-44,-10,-15,35,-31,-49,-9,24,35,-5,55,-50,-58,-9,38,11,-59,-16,-37,57,24,25,9,63,-52,-33,-58,-9,4,-10,-50,-37,-26,15,-4,-46,-39,-16,-16,30,61,53,-34,-34,7,-51,7,45,-33,11,-54,-46,-19,-64,-19,59,-52,-14,-16,-30,38,10,44,54,-17,12,-52,3,-51,58,-11,30,-30
16,-54,22,-127,-28,19,-10,7,-19,-55,-64,-46,-1,55,-21,36,11,45,5,-98,-10,-102,4,12,-30,-73,-71,-59,39,27,33,-8,-5,-11,43,-13,35,-53,-40,-40,19,-32,-6,-45,-40,9,15,-4,-44,-58,-60,16,-22,-48,-40,4,-67,43,-10,-8,-11,10,-43,19,-36,-39,-52,19,-40,-67,-60,59,-50,-49,-54,-12,18,32,-5,14,-54,30,-16,-69,-12,-41,55,-17,-48,18,-47,20,-36,-5,42,-4,-77,52,-56,-22,34,-62,47,20,-6,-46,-25,20,-35,-15,-23,14,-2,34,40,-40,-21,-4,12,46
-22,33,-19,-28,-81,-39,7,12,0,23,-32,-29,16,-1,26,-55,-37,56,-28,66,-57,-39,55,32,-36,58,2,44,8,-48,-43,10,-49,73,63,11,-66,-22,-56,5,24,-11,25,-5,9,34,-1,-44,10,3,28,1,5,23,-31,4,-23,38,55,21,-45,-41,-44,-23,43,65,-2,61,12,4,40,24,62,11,14,35,26,46,44,-68,-53,-29,-14,19,-64,-54,-47,57,64,50,-41,-45,55,38,-50,79,-29,-56,9,-15,-42,38,64,-13,13,39,-19,58,-59,-7,-4,15,-47,41,62,-64,46,39,3,-43
-70,-43,-41,-75,-54,-31,37,-19,-64,-37,-44,52,-61,-39,51,-12,32,-46,-43,-62,35,26,-16,-40,-25,22,11,-2,2,-23,13,-16,-2,-7,3,-17,19,-46,-47,56,-29,-11,-45,32,27,-63,6,17,23,-29,-48,48,37,-42,-2,27,-54,-54,-28,22,23,-49,-4,-62,21,5,4,-25,-21,26,-67,61,-40,-15,48,15,3,10,-63,9,-37,-58,-48,-2,52,-40,27,62,42,22,-31,-5,3,17,-2,-34,-32,-55,-59,16,2,-47,52,10,15,12,20,-21,44,-63,3,11,60,24,48,-56,3,36,-53,27
8,-41,-32,-68,-11,36,-19,-13,-55,-50,57,51,39,-30,35,28,54,75,-48,24,-84,35,-62,32,76,-52,-30,-47,-12,-12,13,21,52,1,-33,18,55,14,-19,-47,-17,31,-19,23,61,-33,-5,16,2,-31,44,-2,-66,-12,2,-20,21,34,47,-4,33,-37,15,-30,-22,0,-16,72,25,-54,-37,-63,14,-55,-38,-61,15,-22,21,19,16,13,16,-6,21,26,57,-23,-46,-15,9,-15,-6,8,-30,-62,-32,-22,-39,-42,-46,35,-28,-10,38,68,-38,-63,-40,39,-33,-7,59,20,-5,-3,25,27,31,67
37,0,-23,-17,15,-5,42,-54,-50,54,-30,-21,22,-46,43,68,-22,53,32,63,15,-53,1,-39,-44,-39,-38,37,-46,11,2,-4,44,-2,-2,-59,-17,32,34,-17,45,-65,-5,29,22,-27,-13,3,55,55,-57,-50,-15,33,23,9,16,-26,-34,-39,-61,-28,-56,-15,-68,56,48,0,6,28,49,4,37,49,44,16,-17,-38,2,27,-7,-39,51,-16,-63,49,-17,41,73,-27,1,33,-60,13,0,-44,-47,16,46,26,-35,41,39,15,18,-45,1,-1,-28,26,47,65,-63,60,50,3,-17,14,59,29
37,-8,-34,-30,28,-6,52,-34,16,35,-25,-32,-26,-57,60,51,17,14,-35,50,24,-20,-23,57,-33,51,-40,24,-23,-8,-47,66,40,-60,33,-13,41,53,-3,53,-41,-53,23,-32,-23,-59,-52,-35,-6,-23,11,17,-40,40,42,11,46,-8,30,49,46,-44,-52,33,-66,-12,-33,-14,2,-11,43,-38,-38,-14,-36,30,52,-10,20,26,-31,-26,-3,-39,-50,27,39,-9,-53,-32,18,53,-43,51,-67,-51,-44,-65,3,3,37,49,-57,51,-61,-46,-5,45,32,-19,-55,50,-7,44,23,37,1,-43,76,3
-2,-53,-3,19,-59,42,61,43,10,-32,-42,-54,11,51,20,-39,-32,-13,-34,1,7,-51,41,34,-73,45,-48,-18,-25,63,35,9,34,39,-58,-10,56,-10,46,-23,21,65,18,-57,17,-3,44,45,-35,39,9,-42,3,-12,45,38,-40,-34,-27,-61,-30,-57,42,-35,25,-57,29,28,-16,36,44,14,24,20,-4,-38,44,-36,30,-49,-26,6,48,-33,10,-60,-58,19,-62,9,15,26,55,13,49,-40,-6,53,5,7,-28,-39,7,35,46,39,22,2,63,-15,-47,15,43,3,23,60,1,-29,-60,43
-17,-29,-23,-31,-1,2,58,32,8,-57,-48,-25,37,-2,-54,-14,13,-10,-13,18,-18,-23,32,42,4,-45,-25,-26,-10,-10,-18,-13,-13,-46,51,-43,-56,21,-23,49,-60,64,61,40,5,-70,-46,-5,-24,-22,-8,50,-18,-14,-26,1,-6,49,47,18,11,53,-20,42,0,17,32,43,18,-33,46,-16,13,43,17,49,-10,52,14,-31,-41,19,46,19,52,53,-26,-26,-47,48,27,-49,-57,31,2,19,-1,15,39,5,30,47,-3,-46,28,58,-48,48,-53,51,-8,-24,1,-33,-38,28,-48,-28,-61,21
1,-6,10,20,37,-53,-20,31,8,6,5,-53,-7,61,-69,-73,6,10,8,-70,60,35,50,39,10,29,47,-12,38,36,51,31,55,10,-68,-2,-10,-20,38,-29,22,49,40,-10,12,-22,14,55,37,43,1,-28,5,19,-54,-56,18,47,-32,-33,13,-35,-25,-80,20,-46,-60,-61,-56,20,29,-31,42,-19,39,62,74,-26,-27,-75,49,-18,53,34,49,48,39,58,45,-45,23,-61,13,91,-3,45,36,-54,-13,60,-42,18,31,-44,1,88,69,20,35,41,22,-29,53,3,-54,-2,-31,-28,67,-68
39,18,63,11,24,-8,-8,-18,-25,31,48,-39,-12,-25,3,-53,62,-11,51,49,98,-6,44,54,54,-37,59,18,47,11,35,3,-11,-27,20,-29,-10,-47,-59,67,-18,-58,-12,1,60,64,21,-53,-5,-8,51,-6,-52,-14,-29,4,-31,40,56,5,-48,24,42,-17,-42,16,47,29,53,-20,3,45,46,4,-68,-31,-26,59,-17,0,-26,37,-41,-10,19,32,-32,-52,-43,15,56,27,-63,-58,-27,-14,-43,-22,16,38,-2,-68,-31,7,-2,-35,4,6,-19,3,-48,53,59,69,52,16,-56,40,-19,-39
-23,23,55,6,-6,57,34,39,51,15,-27,40,16,41,55,-29,-39,-42,32,-18,18,-32,8,15,41,-44,5,24,36,57,-39,62,-25,-32,-26,5,43,-12,-59,-17,62,15,20,34,40,-2,-59,-56,-40,6,-6,55,-60,-8,39,55,-3,30,-37,53,-4,18,-52,6,-49,28,-27,-66,-6,5,-44,56,-12,-18,37,-29,-25,-7,30,-17,55,-46,-42,-6,17,-24,-7,23,49,71,-3,12,47,-2,-44,-23,54,24,22,-7,-45,2,44,-33,68,-61,51,-2,26,67,-52,-33,1,-7,-51,32,-3,-2,27,-52
27,-61,-22,-51,-54,-8,-21,-17,-19,-14,-53,-44,-61,54,47,2,61,-24,-9,13,48,22,46,17,85,-43,-24,-19,-50,-4,61,-25,31,9,12,-18,35,55,-33,15,-50,35,-60,11,48,76,42,-46,-11,-28,-63,34,21,-23,-53,2,-42,70,41,-26,8,-62,16,-39,41,-73,-4,-12,-15,18,26,23,-43,9,41,20,-59,36,6,-8,-26,55,24,11,-2,-60,-24,-39,38,-16,42,-47,15,-33,41,10,56,-19,-34,-60,-27,-68,-21,59,-39,14,-46,-31,-3,-46,57,24,-21,59,0,33,67,-11,18,-53
72,-42,-59,14,26,3,48,11,51,37,19,36,36,-54,-7,-46,-35,-25,-6,-3,8,-13,32,52,-6,-11,-15,-57,11,26,33,-22,16,-25,-29,48,-33,51,8,2,-12,14,-34,19,6,-33,-33,-30,19,-24,44,58,-15,13,12,-52,-39,52,-45,-20,-59,25,22,-68,-52,24,3,-3,51,46,-25,28,-5,47,-49,17,41,-17,-3,-64,-35,37,-16,-38,44,52,-59,60,-7,38,72,30,23,37,55,24,62,54,-10,-7,32,-51,-13,-61,-28,-34,-32,58,-29,46,-25,31,-63,-29,-20,-10,59,-9,53,-32
-58,20,42,-69,21,23,-42,16,-17,-1,-60,38,2,-54,2,-29,-1,-57,-71,-5,11,26,-49,-18,-23,1,40,-29,1,6,3,-5,-65,-21,1,36,-23,2,59,-8,27,81,27,34,4,-13,0,-10,-33,-39,41,51,34,32,18,64,33,-21,-31,-49,-57,-40,-13,34,-43,-21,68,-3,1,47,26,-16,60,-25,-34,-12,-50,-52,-23,-7,29,12,-62,53,48,34,-43,-45,57,54,-37,-9,-48,35,-3,-61,-35,69,62,-21,-54,-17,-54,-22,-1,36,-14,50,47,-69,-8,16,-21,-47,-54,-2,-7,55,28,-48
-55,12,-28,-16,-49,-23,-6,-50,38,18,38,2,-40,-57,59,15,12,2,-16,-9,-26,-71,37,41,-52,-46,23,-31,-5,-10,12,-63,29,35,42,-56,40,-54,-28,-36,53,-75,46,-62,-36,17,-41,61,50,-64,9,50,47,-55,-16,-54,0,34,-5,-59,-35,42,-53,3,52,-41,8,-55,-2,38,29,42,36,-21,-8,-12,7,-8,9,-54,29,23,-41,23,-46,14,-11,2,14,36,2,3,16,-44,-41,47,50,20,-21,40,-41,-60,49,48,-42,7,-1,-21,11,-45,46,59,4,-28,-40,15,11,30,29,38
-33,-35,50,-65,-7,19,-60,32,-8,-19,47,26,10,-29,14,48,35,9,-41,29,12,-63,-30,-46,20,-6,10,36,23,-7,32,-6,49,-24,-2,53,-61,-10,55,40,-55,-8,-18,-40,-14,-53,24,9,47,-9,31,52,-43,6,49,-58,-14,24,59,-19,0,28,-10,56,-57,-37,41,-19,14,36,-61,27,24,-10,-65,16,-14,-12,-59,34,55,29,-54,-12,-60,-34,22,45,50,41,22,61,8,-15,-10,-4,24,-63,12,28,-56,45,45,-54,3,-39,-39,19,-24,-1,-58,-24,-3,13,5,1,-16,-15,-68,-31
8,-28,-3,-7,-38,-16,22,-57,-3,10,-32,-67,-71,-21,-49,-32,-60,-27,27,-15,-63,-71,-37,6,2,21,54,-48,1,-20,0,38,-5,-49,40,9,70,-48,-26,-29,40,12,46,-30,-34,6,-67,-11,34,24,-28,-31,-24,-45,-61,-3,-29,-47,63,-66,-15,-79,-40,7,4,20,65,42,8,29,26,-24,-2,-6,62,-10,21,-5,-2,40,-46,41,41,-68,-35,11,62,-27,2,-47,-28,33,-39,-65,-13,30,-30,-21,-21,-32,63,-63,-43,-6,31,5,-43,-83,39,-61,41,-19,24,-7,-36,-59,73,40,-4,26
60,42,4,-46,-45,54,35,-64,16,9,57,19,12,-36,35,-61,-48,-18,11,29,-49,-30,8,-11,-3,-26,-41,-34,10,-24,5,-14,-50,18,10,-19,48,7,-35,-61,2,-3,-44,-37,40,-57,52,37,-45,-10,-15,17,-10,42,-52,11,4,35,12,56,-47,-40,43,-43,15,48,-56,-32,-5,29,-27,13,34,-10,-12,17,30,10,-56,-40,45,-45,28,-26,61,55,45,-60,-5,44,-44,61,-46,45,-34,-28,21,61,57,19,55,-59,-53,-9,12,9,9,-49,33,-23,19,-44,-43,24,-4,15,31,44,-60,54
37,65,-28,-46,-58,0,-53,65,-51,9,-44,2,12,5,15,5,5,13,26,21,-54,40,-8,15,18,-17,69,12,3,34,-37,53,26,14,16,-21,41,-18,1,-24,-6,28,-48,40,-19,6,56,42,2,22,-49,29,-13,-3,-54,23,-58,14,-5,34,33,-27,21,34,21,-50,-1,1,54,34,22,38,44,-19,-10,-38,71,-44,-13,-31,39,-63,-14,-56,-52,22,25,30,-32,-12,-9,67,-45,-45,-49,-45,-25,39,12,41,48,-41,-36,41,11,3,-42,17,10,-1,-19,44,33,-28,37,36,22,46,-9,18
23,41,0,48,-60,36,-21,-56,51,46,-61,24,-21,-28,11,4,38,-14,50,-25,42,-70,28,-46,3,-25,39,-46,-36,30,32,9,9,14,23,6,44,-36,2,-19,26,3,-3,26,-7,3,-49,-19,-31,-18,-15,18,-50,-46,49,-19,-27,21,28,48,6,-63,-37,16,37,-11,9,-59,-20,-6,-66,10,56,61,-64,-60,-22,20,-40,1,-56,-52,-11,-17,-38,-3,-34,-31,-53,-2,-20,5,-56,-45,-8,-31,50,4,14,-50,2,-18,-27,-11,14,-5,35,30,-9,-29,-33,27,63,42,-53,-1,-32,49,-59,29
62,3,23,-25,-6,-18,-22,13,-51,-8,-48,0,-35,11,44,15,3,-20,-3,-56,-50,12,56,65,76,28,26,-32,-38,34,-78,-17,-47,-37,43,47,-64,2,49,-6,-51,-62,-19,57,59,-36,-13,16,-46,-7,-43,82,-52,10,-14,53,-4,-19,-33,32,19,9,29,48,35,-3,-19,-46,40,-68,-7,-55,-48,55,-18,-40,-5,-34,-28,67,13,-31,-5,-2,-25,32,45,-20,-60,-54,-8,71,34,-29,-53,-55,-73,-34,9,46,49,-29,-46,54,-69,56,10,-51,-49,-7,-4,52,9,-16,11,19,-38,-5,35,17
5,36,-11,-39,3,11,-6,23,5,-67,-48,10,4,4,-4,7,-25,35,47,20,-74,-6,59,19,-26,-72,-21,-40,44,-46,-66,-50,-50,-60,-54,19,37,-15,48,-51,17,-67,-4,-59,32,23,31,-37,24,23,-22,-16,3,20,-37,-63,-5,-43,-35,-49,28,-61,28,5,19,26,14,-34,-57,16,-3,-12,-33,-56,22,-30,39,5,36,-63,-36,-23,17,-19,-14,-4,28,-13,7,-62,29,15,54,40,-65,-60,23,-58,33,3,-12,-53,46,-14,-41,50,-9,-5,2,8,-1,-40,4,-10,12,-17,47,1,6,47
12,-46,-60,-54,62,31,43,22,-3,18,-18,54,58,-3,-42,-32,-18,-42,-32,-25,-12,-45,-15,41,13,-14,-5,-28,59,56,-35,-18,-19,31,58,-20,-54,65,-45,23,-19,26,31,-11,-29,43,-24,-1,-16,42,11,0,23,-34,-4,4,-47,-43,-33,26,-9,-30,-11,15,-46,-37,55,31,19,-47,4,17,12,-1,-31,-12,-8,-32,22,-50,26,-46,-38,-18,31,-49,-10,8,6,48,-3,-36,-26,30,32,-26,-46,-63,17,44,1,-4,21,-45,20,20,5,-60,-31,-47,10,-45,-29,44,24,13,6,67,55,-18
-48,-62,-13,48,-63,-39,28,-31,38,45,-15,35,-31,-52,-19,44,-43,25,7,-38,-43,4,-32,-3,-53,-37,13,-41,-38,7,21,14,6,-33,33,48,17,27,-54,26,-33,-9,-14,-47,-7,21,-28,55,22,-12,-40,-26,-49,-14,-8,-41,-41,-65,33,29,8,-50,-53,-6,-2,-63,25,44,-28,-16,-42,22,-21,57,-49,43,11,37,-52,41,26,-1,-3,-62,-30,-24,27,-20,18,-29,-34,-23,11,-28,17,-21,-28,-59,10,0,62,-22,54,52,56,11,61,-48,63,54,-10,12,21,-4,-47,-11,-25,-50,-4,-49
-34,37,-59,15,-80,8,35,-9,-26,0,31,32,24,20,-57,-64,1,-19,50,-10,57,-38,18,-54,-5,-40,0,11,32,58,-60,60,57,-52,-11,9,25,-24,-25,-52,-31,-24,-25,28,21,69,-48,35,10,53,-63,-50,7,6,39,30,-39,-6,-9,-51,-7,10,55,-35,20,32,32,-39,-44,-54,26,40,-6,-17,18,-51,-52,-51,51,-7,-29,18,52,39,-27,-3,-57,27,10,17,-33,18,-29,11,-6,-15,51,-48,18,3,57,39,33,42,19,60,49,-19,-25,-38,36,-9,4,16,-53,-9,56,41,68,-24
-31,27,-62,-68,-38,49,13,-21,-73,-52,-32,-52,-6,-58,46,-47,41,19,36,41,-65,0,-55,4,7,7,-64,-47,-45,47,-48,48,30,-42,12,-32,-58,-23,-31,1,-5,-25,50,-61,-28,36,-17,35,-48,48,57,-41,-26,49,56,39,-49,-29,-31,-5,11,-15,-46,-45,-72,49,-17,22,-57,44,-8,-42,-22,-15,42,-16,-28,-21,-27,38,-3,-10,11,4,-4,40,-12,50,16,-53,-56,42,-52,-70,-31,10,23,45,25,-67,-45,-19,-58,47,-27,21,-75,3,6,25,41,56,10,57,42,35,-51,-49,44,34
61,-35,23,-50,29,-39,33,-76,10,73,-37,45,6,-36,-14,37,-47,14,-35,50,-13,-7,-48,-29,13,18,-69,-36,33,-51,-24,32,-52,48,51,37,-30,28,-33,27,46,20,37,14,-54,-1,-15,25,42,-57,-34,3,36,-17,-39,16,54,14,-60,-11,-19,-47,-34,-11,-13,-45,-6,1,0,27,0,-23,37,-15,0,44,7,-18,-43,-40,12,63,23,-42,35,2,-39,-49,37,22,12,-25,-43,-7,12,49,38,11,-13,12,63,22,-39,60,34,-48,-3,13,51,0,56,-44,-69,-36,55,56,26,66,11,50
-29,33,-52,-27,-50,-48,-15,-13,-12,38,-40,48,22,-37,40,39,26,34,33,29,-36,36,14,-32,-63,-6,25,13,54,-35,51,61,4,13,20,44,-48,54,-63,-26,35,-45,46,25,-17,-37,41,-41,-15,1,-22,-59,-27,-37,57,-36,-32,-24,28,-28,14,46,12,5,-41,-27,-29,-21,-48,-36,-27,16,-57,-42,56,-53,59,41,22,33,-4,-20,-25,-51,31,33,-35,-36,-41,-3,-61,22,59,23,-29,-30,-60,-28,51,1,-1,-25,-54,-19,41,-64,-59,54,-12,10,0,-29,77,56,49,-45,16,-51,-4,-35
-21,20,9,-30,9,56,5,7,14,-2,-14,-1,35,-64,-24,48,14,27,-44,27,10,11,-35,15,-36,-43,71,9,20,-56,5,59,68,0,37,3,62,-8,17,70,-24,-55,55,-11,-5,33,6,-50,-41,-26,-46,-62,52,-14,-30,-42,51,-26,-33,59,-18,26,-31,29,-8,-43,11,-45,42,-14,16,-44,-17,0,-67,-20,-55,-56,-16,-49,-11,14,63,51,-32,47,-53,22,-47,29,-37,38,-61,37,10,52,55,-22,52,-25,-28,-50,-32,-3,7,-6,22,53,57,-16,-42,-51,-37,-5,29,-20,-45,-11,-5,-37
-41,-5,-6,62,13,-30,-53,30,-10,-60,-30,33,-57,49,-38,34,47,-49,-32,-28,33,-64,29,-40,23,32,-23,49,-45,6,-2,45,23,-44,21,57,-25,-55,-19,45,62,13,22,21,53,37,-44,-35,9,22,10,-26,47,-49,-22,-65,-3,-27,31,-9,-24,-5,-18,33,-39,5,-53,18,10,44,29,24,-3,-29,43,30,-25,-25,11,26,63,-33,51,-44,50,-38,-1,55,-28,41,-26,-24,-27,-19,12,-50,-45,-39,-60,-39,40,-62,41,54,-61,41,55,0,54,-1,23,-6,43,7,-43,-47,-37,-50,-39,37
33,-13,-16,22,-63,1,-39,-34,31,-29,-53,-42,-65,-38,50,34,-37,18,25,-68,6,-66,-41,-50,-29,-6,31,-59,48,-74,8,-38,22,-21,-18,6,-32,-21,47,7,-47,-32,-23,25,-5,28,19,52,62,-15,62,14,43,42,-54,-40,-4,-45,46,-13,-77,10,-10,-51,-48,35,14,-46,-66,6,22,-32,-51,18,14,42,12,-30,-51,-52,-5,23,-44,-2,-21,-58,42,-46,1,-49,28,11,59,-18,9,56,-71,4,-59,23,-29,-48,12,17,12,-47,-72,2,-36,-85,11,44,-34,-43,-26,37,30,-17,-56,-58
-4,-36,0,56,-40,-40,47,8,-46,-9,20,-26,-48,-19,7,43,-41,-5,54,3,-19,-59,-21,-38,53,30,-47,-30,58,-8,36,18,9,42,21,51,64,-61,-24,36,-27,-30,22,-38,36,-27,-20,21,-62,42,-33,-47,19,30,29,-23,39,-4,-1,-49,40,-16,18,-19,22,27,11,3,8,62,-51,-58,31,-55,-47,-4,-6,38,17,-49,41,-58,20,2,44,-18,43,-27,-1,42,-40,-6,-50,25,-42,-54,-15,26,-7,-38,-18,5,-1,-38,-61,-46,-36,-35,63,42,-14,37,6,14,49,-11,-39,-3,-61,55
17,51,16,-1,-27,-10,-59,30,-7,8,-41,56,-43,19,2,31,34,12,-10,-74,-11,25,-49,-60,0,-37,41,1,-59,-15,-20,27,-6,0,18,32,28,44,58,23,-64,-46,-46,-64,75,-44,-50,0,-40,-10,13,-44,50,38,14,-13,-45,35,52,-64,35,-33,-56,-30,-6,66,14,44,49,26,-7,-8,59,-5,4,10,39,-26,-6,-35,43,2,35,-49,-59,-20,-3,-32,-12,19,43,25,41,38,10,-28,58,43,28,-46,-51,66,-40,-1,-65,-39,-2,-38,-42,-17,-20,70,54,-10,21,-23,7,-32,10,-34
25,30,47,-38,0,5,30,-64,-55,-23,4,42,44,-7,-65,39,-38,-51,47,-11,-21,-45,-46,6,60,29,16,50,27,13,-6,19,-41,54,59,-21,-34,-67,-34,41,-63,33,-13,-4,-63,1,-18,-50,-29,15,-22,39,0,37,46,19,13,51,-11,-18,-28,-41,18,-84,54,-3,-51,-63,12,53,-9,17,29,-29,14,-6,0,-23,-45,23,-5,7,-51,47,-61,32,-4,-54,-5,-27,-49,11,20,11,-53,24,-43,64,52,-55,46,1,31,-56,-37,-19,-44,39,-4,7,20,-49,10,-33,-11,-60,32,-34,-38,-6
-70,-10,48,-54,31,-47,-60,45,-56,-29,3,-54,-24,-42,-8,3,0,53,61,-78,-26,-36,19,-23,-36,26,-4,53,-48,1,-38,59,47,49,-47,36,-22,-61,8,-28,34,-3,-46,62,40,-53,58,-16,-22,67,-60,-39,-54,-46,50,-22,-23,20,2,-14,49,62,-11,38,22,24,50,-4,-38,26,-21,40,10,-6,38,-39,-29,-42,-16,42,-57,-7,-44,-8,-16,-7,-35,-36,52,-57,6,-35,51,-14,57,45,-24,8,20,-62,-25,58,-48,-41,34,-51,0,6,34,-23,44,21,42,-57,-16,-24,15,51,49,24
51,56,14,83,5,-1,38,-48,62,17,-8,-26,44,-17,54,62,-54,-45,14,-25,33,60,-46,-21,-53,-13,-55,-22,-1,6,13,-7,58,58,-5,57,33,14,3,-10,53,-29,2,-46,8,13,-4,42,-52,53,-38,-70,-36,29,-23,43,48,49,51,-30,15,-24,-15,-64,45,53,-36,1,1,-13,-50,-33,34,23,5,31,-54,45,-52,-56,-53,-33,59,2,-28,-10,21,55,68,-28,-31,26,0,-9,-57,36,64,-15,-10,13,-28,-23,15,-16,-51,-31,72,-40,-27,70,-25,17,0,-1,-58,34,11,-47,-1,-58
13,26,-46,-40,-2,40,-2,41,13,-35,2,3,51,40,36,57,-28,35,51,-23,-43,14,-28,65,14,13,5,-12,-56,25,-70,33,-48,-35,-20,37,44,-21,-55,27,1,56,-23,-9,42,-31,57,-48,32,-26,-32,28,-23,35,43,-67,-26,1,-54,17,-4,-26,-9,-17,40,51,-68,43,-30,53,-27,-8,10,-34,49,-60,30,-1,61,-53,18,28,-47,52,55,-38,-61,-31,13,7,-5,-17,-37,14,65,26,23,9,51,-4,-19,-25,-65,-9,24,42,-19,0,61,-16,27,38,-16,-53,12,64,38,31,-31,-68
-18,-2,-9,76,-31,28,43,-40,43,24,-60,-14,30,26,62,-2,5,59,83,33,14,-28,-37,43,-5,62,70,-1,-56,-48,58,62,-28,-26,54,16,11,25,7,61,43,-3,-19,30,-67,30,2,-3,6,-4,-7,-2,19,42,-62,-55,-9,-35,-16,79,21,-49,22,2,-55,55,-53,-5,2,68,54,-18,-31,10,-4,-50,-61,-68,1,29,-28,-46,-8,25,-5,-11,29,57,-46,19,63,33,29,-23,36,-23,-47,4,14,-54,25,-39,4,-32,24,15,-33,53,32,-38,33,26,-26,23,35,-42,63,59,-27,63
-21,-69,-15,-40,-88,43,-9,-48,-47,38,-5,52,-13,32,33,-21,21,-34,-64,48,-36,15,32,-61,32,36,-12,-60,-51,47,11,-17,7,56,55,-31,-29,-22,41,37,43,-59,-2,51,32,-19,46,-39,-26,-14,40,29,0,-31,-40,-53,-50,-44,-28,37,-70,-62,-22,59,-46,-13,22,57,9,13,-8,52,-48,-37,-59,58,-26,3,60,15,-49,26,-34,-60,-7,-28,-37,-54,36,55,11,55,49,30,-42,25,17,26,-50,-25,-11,-44,22,34,20,-46,11,28,44,-38,54,-40,-64,-14,-2,-7,-3,-2,-19,16
40,14,-40,15,-20,-47,-55,-8,11,-7,30,7,-2,-25,-35,21,38,-42,27,-38,-21,-18,31,12,-48,-50,-60,7,8,2,31,-21,-30,50,-46,0,18,34,58,44,17,-13,33,-46,-21,-41,59,33,61,-49,-7,48,33,-34,54,16,45,7,3,-43,-25,-63,-45,-43,27,-3,29,31,-38,-38,33,36,48,-36,-10,-9,8,-8,-58,50,-42,-65,8,4,-15,-44,52,-60,-27,-15,-51,-62,-29,2,14,46,53,-64,-4,9,-47,0,43,6,-26,-28,4,-34,-62,-56,-50,15,-3,-43,54,-45,-31,-53,-58,-41
52,46,-6,3,28,18,69,-36,-48,-25,0,-19,-5,45,44,1,-7,16,-20,54,-69,45,-33,5,-8,-5,-13,59,-15,10,42,32,57,-63,54,-31,43,-14,-14,19,-53,-72,-38,36,-21,-6,40,-30,28,66,48,49,26,-26,53,34,53,20,-24,50,52,44,-32,73,-39,-40,-43,48,-1,-1,-40,29,-3,-56,40,-40,21,4,23,2,-16,14,-38,-52,-21,-5,25,-63,14,11,-48,-7,-30,41,-31,5,52,31,-58,15,-56,35,-54,-1,16,-47,65,-32,-40,49,-48,37,-41,-19,-14,9,-38,-16,-36,-4
-36,58,34,69,29,53,11,-35,27,-16,61,-19,41,-49,41,16,-53,30,24,40,28,-63,-39,49,34,61,33,6,52,-30,-18,-56,11,34,-52,33,-41,24,40,-33,14,-29,-36,16,12,-51,-3,-6,27,-39,7,-12,8,6,-43,-73,-32,28,37,43,4,-2,20,-28,27,25,-52,69,-59,-13,61,-3,16,36,-2,-12,51,-7,18,-49,50,33,-6,-50,31,46,-20,-47,2,55,-17,-56,10,49,8,-6,25,4,13,56,-9,23,33,55,32,-75,-31,77,37,-11,45,49,-14,55,-23,6,-54,-4,-49,-23
-15,-48,-40,1,54,34,-37,6,-49,-3,44,-33,-21,16,-52,6,13,-45,-28,49,-5,-39,-24,-43,26,52,-43,-51,-37,57,-31,-62,36,13,62,-6,-4,40,-20,-23,-27,-31,27,-8,-51,26,-31,-13,32,74,5,22,-10,26,-21,-34,-17,-63,68,-59,15,56,8,37,-45,63,-34,-4,-61,-64,45,43,12,-3,58,-58,5,-31,-51,62,16,8,57,36,46,29,-17,-12,66,17,18,12,11,35,13,-25,-42,-57,9,-25,68,25,-23,-23,-54,48,28,-52,30,59,53,21,-23,30,-23,48,26,39,-4,-40
45,-5,21,12,63,-1,14,-48,44,-49,-28,-10,-38,-27,43,4,-44,-33,14,-71,-46,-52,-64,-42,-47,13,65,-38,41,53,-3,-63,52,8,-50,-13,63,10,40,19,10,-61,-10,47,56,-28,-49,32,56,34,53,44,-19,-3,60,39,-32,3,32,-30,-58,37,-20,-36,18,6,31,12,-54,56,16,5,21,25,-11,-11,57,-4,37,37,-9,-47,-32,-26,39,-68,44,-20,49,-13,-57,-26,-7,-33,42,53,-1,-9,-26,-30,-49,3,50,18,-14,3,1,3,-12,-45,42,-18,-61,55,16,35,-4,-2,35,-33
-54,26,52,-42,59,-41,-20,-60,6,21,-40,23,9,29,30,44,11,25,43,-59,-22,-53,-50,0,-6,-32,-6,-62,-37,-46,-19,53,58,-52,-11,-65,11,41,21,19,44,-17,-29,-45,11,-10,-60,-28,-20,-24,23,48,-51,-18,43,36,-11,-65,42,49,56,-20,55,-30,-20,46,-11,-16,-52,41,-18,-42,-53,-48,21,64,-60,30,-53,-10,52,-15,43,39,57,-41,-22,-59,-7,-20,-48,30,-57,-7,22,-5,48,34,-60,64,21,-69,-25,-54,61,45,19,-42,-39,60,-57,37,18,-31,14,59,15,54,-47,9
-8,9,-49,-35,41,51,-21,-50,-9,-37,-5,44,13,-40,-9,-34,-31,-26,-47,-48,-6,-3,-56,20,12,7,-38,-2,54,-35,-56,-22,-17,37,-12,-30,15,54,52,-47,22,33,-14,-41,-13,51,10,22,33,-7,22,-20,10,-9,-8,45,-27,45,11,-34,-39,37,3,57,17,76,48,42,-11,-16,-64,18,-10,63,35,48,50,59,-37,-52,-57,-62,-14,12,35,-21,17,30,-14,-15,-2,31,-38,-14,19,-38,-36,-24,-8,-19,17,27,-7,-17,23,-22,51,-14,35,57,40,28,-31,-16,50,62,2,49,-11,-33
11,3,-21,-42,-77,33,-64,-63,-73,22,27,20,-31,3,7,43,-53,-2,-67,-10,25,-103,-16,47,55,-54,-62,54,-7,-12,4,-30,12,20,53,28,-18,39,7,-29,49,-30,12,28,-40,-46,-11,36,-17,8,-40,-16,54,45,-47,-43,19,-15,21,9,-106,-71,-62,48,2,38,43,16,-30,-76,-28,0,27,-64,-18,1,-18,-56,27,-33,34,43,-7,-69,61,-52,-23,18,42,-14,22,-20,-57,-62,5,-47,-77,4,7,-31,-54,-5,40,11,16,-10,27,6,12,5,-55,-59,-26,-69,-3,-23,56,-62,-4,3
-53,63,42,-30,18,52,13,22,-3,-41,-1,18,34,8,6,37,59,43,-1,-75,79,29,58,-36,22,-10,-3,-6,28,49,-59,-21,-6,-37,-59,-18,-12,-54,59,42,39,-36,0,-31,47,39,-22,20,-29,-9,-29,-48,-7,25,50,-61,-11,-15,23,-57,71,-48,45,-11,31,1,53,-14,-17,14,17,0,37,10,16,15,14,-42,20,-55,3,-10,34,24,-45,3,32,-51,-48,-43,-49,56,-7,-2,64,-9,32,50,41,70,42,6,-11,-10,-24,-8,-14,47,31,-55,-56,2,-49,51,-32,-58,-52,-2,65,-34
-6,26,-48,-9,-29,-24,-40,4,-18,-21,3,-42,-51,-51,-66,28,54,7,-52,38,-26,-48,49,46,-9,38,31,25,61,-30,-58,28,-22,-25,62,-62,10,-22,-21,42,7,58,28,40,3,57,11,62,37,2,45,-45,3,-16,19,-52,-56,-63,1,21,-38,13,35,-51,-32,-47,30,20,48,15,-64,-10,33,50,48,52,-9,-23,-61,39,-40,-32,16,37,-51,-58,5,8,-15,-7,-3,6,-20,-10,-36,55,-5,-58,-22,42,43,-15,-12,-10,-20,-52,-37,-52,31,-53,43,-56,9,40,-48,38,-55,-50,-61,-10
-25,-6,-18,0,-80,-31,15,-38,-73,-12,27,18,-48,45,-68,35,6,6,-11,-47,7,-47,-35,-10,52,41,46,-7,10,-33,44,-31,54,37,8,31,-64,-61,1,38,-33,42,16,-53,-56,5,28,11,-31,-49,42,-46,-12,39,43,13,8,55,-22,-27,19,-48,-1,19,-34,29,52,0,11,41,-7,-14,26,-24,-35,-9,10,43,10,23,43,-55,30,-52,-38,-53,-34,-2,45,38,-19,57,-50,-56,34,-26,40,37,-51,-11,-7,2,-5,38,27,-1,-58,-22,11,3,2,-39,79,-56,-12,9,50,12,-34,41
